fhlbny_8k.htm,2024-11-18 10:51:51
ktcc-20240506.htm,2024-11-18 10:51:52
hzo-20240310.htm,2024-11-18 10:51:52
faf-20231220.htm,2024-11-18 10:51:53
unh-20240221.htm,2024-11-18 10:51:53
d784189d8k.htm,2024-11-18 10:51:53
unh-20240221.htm,2024-11-18 10:51:53
faf-20231220.htm,2024-11-18 10:51:54
tm247267d1_8k.htm,2024-11-18 10:51:54
d708866d8k.htm,2024-11-18 10:51:54
d770643d8k.htm,2024-11-18 10:51:54
mmat-20240725.htm,2024-11-18 10:51:54
hpe-20240119.htm,2024-11-18 10:51:55
hzo-20240310.htm,2024-11-18 10:51:55
unh-20240221.htm,2024-11-18 10:51:55
sah-20240705.htm,2024-11-18 10:51:55
d766318d8ka.htm,2024-11-18 10:51:56
faf-20231220.htm,2024-11-18 10:51:56
rlgt-20240319.htm,2024-11-18 10:51:56
d808756d8ka.htm,2024-11-18 10:51:57
ktcc-20240506.htm,2024-11-18 10:51:57
ktcc-20240506.htm,2024-11-18 10:51:57
d825009d8k.htm,2024-11-18 10:51:57
sah-20240705.htm,2024-11-18 10:51:58
tm2420501d1_8ka.htm,2024-11-18 10:51:58
ssb-20240206x8ka.htm,2024-11-18 10:51:58
d659095d8k.htm,2024-11-18 10:51:59
bset20240715_8k.htm,2024-11-18 10:51:59
ea0203500-8k_briley.htm,2024-11-18 10:51:59
cwgl-20240725.htm,2024-11-18 10:51:59
bset20240805_8ka.htm,2024-11-18 10:52:00
dbx-20240429.htm,2024-11-18 10:52:00
d774339d8ka.htm,2024-11-18 10:52:00
d824906d8k.htm,2024-11-18 10:52:00
d641969d8ka.htm,2024-11-18 10:52:01
t-20240506.htm,2024-11-18 10:52:01
dp206600_8k.htm,2024-11-18 10:52:01
